,word,count,TF,IDF
0,learning,2,,
1,,69,,
2,graphbased,2,,
3,poi,1,,
4,embedding,5,,
5,for,6,,
6,locationbased,6,,
7,recommendation,12,,
8,min,1,,
9,xie,1,,
10,hongzhi,1,,
11,yin,2,,
12,hao,1,,
13,wang,3,,
14,fanjiang,1,,
15,xu,1,,
16,weitong,1,,
17,chen,1,,
18,sen,1,,
19,state,1,,
20,key,1,,
21,laborator,1,,
22,y,3,,
23,of,20,,
24,computer,1,,
25,science,1,,
26,institute,1,,
27,software,1,,
28,chinese,1,,
29,academy,1,,
30,sciences,1,,
31,china,1,,
32,the,17,,
33,university,2,,
34,queensland,1,,
35,school,2,,
36,information,3,,
37,technology,2,,
38,and,24,,
39,electrical,1,,
40,engineer,1,,
41,ing,2,,
42,australia,2,,
43,communication,2,,
44,griffith,1,,
45,hyin,1,,
46,wchenuqeduau,1,,
47,xiemin,1,,
48,wanghao,1,,
49,fanjiangiscasaccn,1,,
50,senwanggmailcom,1,,
51,abstract,1,,
52,with,3,,
53,rapid,2,,
54,prevalence,1,,
55,smart,1,,
56,mobile,4,,
57,devices,1,,
58,dramatic,1,,
59,proliferation,1,,
60,social,2,,
61,networks,2,,
62,lbsns,2,,
63,has,1,,
64,become,1,,
65,an,1,,
66,important,2,,
67,means,1,,
68,to,16,,
69,help,1,,
70,people,1,,
71,discover,1,,
72,attractive,1,,
73,interest,2,,
74,points,1,,
75,pois,5,,
76,however,1,,
77,extreme,1,,
78,sparsity,1,,
79,userpoi,1,,
80,matrix,1,,
81,coldstart,2,,
82,issue,1,,
83,create,1,,
84,severe,1,,
85,chal,1,,
86,lenges,1,,
87,causing,1,,
88,cfbased,1,,
89,methods,1,,
90,degrade,1,,
91,signi,1,,
92,ficantly,1,,
93,in,15,,
94,their,1,,
95,performance,2,,
96,moreover,1,,
97,requires,2,,
98,spatiotemporal,1,,
99,context,1,,
100,awareness,1,,
101,dynamic,1,,
102,tracking,1,,
103,user,4,,
104,s,3,,
105,latest,2,,
106,preferences,2,,
107,a,9,,
108,realtime,3,,
109,manner,2,,
110,address,1,,
111,these,1,,
112,challenges,1,,
113,we,4,,
114,stand,1,,
115,on,5,,
116,recent,2,,
117,advances,1,,
118,techniques,1,,
119,propose,1,,
120,generic,1,,
121,model,2,,
122,called,1,,
123,ge,2,,
124,this,5,,
125,paper,1,,
126,jointly,1,,
127,captures,1,,
128,sequential,3,,
129,e,3,,
130,ffect,3,,
131,geographical,2,,
132,influence,3,,
133,temporal,2,,
134,cyclic,2,,
135,semantic,2,,
136,effect,3,,
137,unified,1,,
138,way,1,,
139,by,2,,
140,four,1,,
141,corresponding,2,,
142,relational,1,,
143,graphs,1,,
144,poipoi,1,,
145,poiregion,1,,
146,poitime,1,,
147,poiword,1,,
148,into,1,,
149,shared,1,,
150,low,1,,
151,dimensional,1,,
152,space,2,,
153,then,1,,
154,support,1,,
155,recom,1,,
156,mendation,1,,
157,develop,1,,
158,novel,1,,
159,timedecay,1,,
160,method,1,,
161,dy,1,,
162,namically,1,,
163,compute,1,,
164,based,1,,
165,hisher,1,,
166,checkedin,1,,
167,learnt,1,,
168,latent,1,,
169,conduct,1,,
170,extensive,1,,
171,experiments,1,,
172,evaluate,1,,
173,our,1,,
174,two,1,,
175,real,1,,
176,largescale,1,,
177,datasets,1,,
178,expe,1,,
179,rimental,1,,
180,results,1,,
181,show,1,,
182,its,1,,
183,superiority,1,,
184,over,1,,
185,other,1,,
186,competitors,1,,
187,especially,1,,
188,recommending,1,,
189,besides,1,,
190,study,1,,
191,contribution,1,,
192,each,1,,
193,factor,1,,
194,improve,1,,
195,locat,1,,
196,ionbased,1,,
197,find,1,,
198,that,3,,
199,both,1,,
200,play,1,,
201,more,1,,
202,roles,1,,
203,than,2,,
204,introduction,1,,
205,development,1,,
206,web,1,,
207,location,2,,
208,acquisition,1,,
209,wireless,1,,
210,technologies,1,,
211,su,2,,
212,fficient,1,,
213,author,2,,
214,is,4,,
215,permission,2,,
216,make,2,,
217,digital,2,,
218,or,8,,
219,hard,1,,
220,copies,3,,
221,all,1,,
222,part,1,,
223,work,2,,
224,personal,1,,
225,classroom,1,,
226,use,1,,
227,granted,1,,
228,without,1,,
229,fee,2,,
230,provided,1,,
231,are,1,,
232,not,1,,
233,made,1,,
234,distributed,1,,
235,profit,1,,
236,commercial,1,,
237,advantage,1,,
238,bear,1,,
239,notice,1,,
240,full,1,,
241,citation,1,,
242,first,1,,
243,page,1,,
244,copyrights,1,,
245,components,1,,
246,owned,1,,
247,others,1,,
248,acm,2,,
249,must,1,,
250,be,1,,
251,honored,1,,
252,abstracting,1,,
253,credit,1,,
254,permitted,1,,
255,copy,1,,
256,otherwise,1,,
257,republish,1,,
258,post,1,,
259,servers,1,,
260,redistribute,1,,
261,lists,1,,
262,prior,1,,
263,speci,1,,
264,fic,1,,
265,request,1,,
266,permissions,1,,
267,from,1,,
268,permissionsacmorg,1,,
269,cikm,2,,
270,october,1,,
271,indianapolis,1,,
272,usa,1,,
273,isbn,1,,
274,doi,1,,
275,httpdxdoiorg,1,,
276,number,1,,
277,have,1,,
278,emerged,1,,
279,years,1,,
280,such,2,,
281,as,2,,
282,foursquare,1,,
283,facebook,1,,
284,places,1,,
285,gowalla,1,,
286,loopt,1,,
287,where,1,,
288,users,4,,
289,can,1,,
290,check,1,,
291,at,1,,
292,pointof,1,,
293,interests,1,,
294,eg,3,,
295,stores,1,,
296,restaurants,1,,
297,sightseeing,2,,
298,sites,2,,
299,share,1,,
300,life,1,,
301,experiences,1,,
302,physical,2,,
303,world,1,,
304,via,1,,
305,de,1,,
306,vices,1,,
307,promptly,1,,
308,it,1,,
309,crucial,1,,
310,utilize,1,,
311,checkin,2,,
312,data,2,,
313,personalized,1,,
314,which,2,,
315,helps,1,,
316,know,1,,
317,new,2,,
318,explore,1,,
319,regions,1,,
320,cities,1,,
321,facilitate,1,,
322,advertisers,1,,
323,launch,1,,
324,advertisements,1,,
325,targeted,1,,
326,unlike,1,,
327,traditional,1,,
328,desktop,1,,
329,systems,2,,
330,delivering,1,,
331,movie,1,,
332,music,1,,
333,etc,1,,
334,typically,1,,
335,involve,1,,
336,entities,1,,
337,engineering,1,,
338,pp,1,,
339,june,1,,
340,h,2,,
341,x,1,,
342,zhou,1,,
343,shao,1,,
344,sadiq,1,,
345,joint,1,,
346,modeling,1,,
347,behaviors,1,,
348,pointofinterest,2,,
349,pages,3,,
350,q,1,,
351,yuan,1,,
352,g,1,,
353,cong,1,,
354,z,1,,
355,ma,1,,
356,sun,1,,
357,n,1,,
358,m,1,,
359,thalmann,1,,
360,timeaware,1,,
361,sigir,1,,
362,jd,1,,
363,zhang,1,,
364,cy,1,,
365,chow,1,,
366,li,1,,
367,lore,1,,
368,exploiting,1,,
369,recommendations,1,,
370,sigspatial,1,,
